{"i_epoch": 17, "loss_kld_val": 10.971153054918561, "loss_recon_val": 0.1563214259488242}