{"i_epoch": 16, "loss_kld_val": 8.516456699371338, "loss_recon_val": 0.1647905294384275}