{"i_epoch": 19, "loss_kld_val": 7.321007667269026, "loss_recon_val": 0.1684395743267877}