{"i_epoch": 19, "loss_kld_val": 7.158141340528216, "loss_recon_val": 0.16264386687959945}